onset	duration	trial_type	value	sample
0.0	0.0	0, Impedance	100	0
164.79296875	0.0	0, start_baseline###my_stream_name	201	168748
176.763671875	0.0	0, end_baseline###my_stream_name	200	181006
178.109375	0.0	0, Perception_image_penguin_c###my_stream_name	107	182384
181.533203125	0.0	0, Imagination_image_penguin_c###my_stream_name	82	185890
186.3076171875	0.0	0, Perception_image_flower_m###my_stream_name	102	190779
189.7822265625	0.0	0, Imagination_image_flower_m###my_stream_name	77	194337
194.546875	0.0	0, Perception_image_guitar_c###my_stream_name	104	199216
198.041015625	0.0	0, Imagination_image_guitar_c###my_stream_name	79	202794
202.8046875	0.0	0, Perception_image_penguin_c###my_stream_name	107	207672
206.2939453125	0.0	0, Imagination_image_penguin_c###my_stream_name	82	211245
211.0498046875	0.0	0, Perception_image_penguin_c###my_stream_name	107	216115
214.5244140625	0.0	0, Imagination_image_penguin_c###my_stream_name	82	219673
220.3955078125	0.0	0, Perception_t_guitar_4###my_stream_name	118	225685
223.828125	0.0	0, Imagination_t_guitar_4###my_stream_name	93	229200
228.57421875	0.0	0, Perception_t_flower_5###my_stream_name	114	234060
232.05078125	0.0	0, Imagination_t_flower_5###my_stream_name	89	237620
236.806640625	0.0	0, Perception_t_penguin_1###my_stream_name	120	242490
240.2900390625	0.0	0, Imagination_t_penguin_1###my_stream_name	95	246057
245.0439453125	0.0	0, Perception_t_guitar_4###my_stream_name	118	250925
248.529296875	0.0	0, Imagination_t_guitar_4###my_stream_name	93	254494
253.2822265625	0.0	0, Perception_t_guitar_5###my_stream_name	119	259361
256.759765625	0.0	0, Imagination_t_guitar_5###my_stream_name	94	262922
262.3671875	0.0	0, Perceptiona_penguin_normal_4###my_stream_name	195	268664
265.2685546875	0.0	0, Imagination_a_penguin_normal_4###my_stream_name	71	271635
270.265625	0.0	0, Perceptiona_guitar_high_18###my_stream_name	152	276752
273.2626953125	0.0	0, Imagination_a_guitar_high_18###my_stream_name	28	279821
278.248046875	0.0	0, Perceptiona_penguin_high_12###my_stream_name	176	284926
281.2431640625	0.0	0, Imagination_a_penguin_high_12###my_stream_name	52	287993
286.236328125	0.0	0, Perceptiona_penguin_high_12###my_stream_name	176	293106
289.2314453125	0.0	0, Imagination_a_penguin_high_12###my_stream_name	52	296173
294.2197265625	0.0	0, Perceptiona_flower_normal_17###my_stream_name	141	301281
297.23046875	0.0	0, Imagination_a_flower_normal_17###my_stream_name	17	304364
303.314453125	0.0	0, Perceptiona_guitar_low_10###my_stream_name	156	310594
306.23828125	0.0	0, Imagination_a_guitar_low_10###my_stream_name	32	313588
311.22265625	0.0	0, Perceptiona_guitar_normal_14###my_stream_name	166	318692
314.2216796875	0.0	0, Imagination_a_guitar_normal_14###my_stream_name	42	321763
319.2158203125	0.0	0, Perceptiona_guitar_low_25###my_stream_name	159	326877
322.2041015625	0.0	0, Imagination_a_guitar_low_25###my_stream_name	35	329937
327.19921875	0.0	0, Perceptiona_flower_normal_16###my_stream_name	140	335052
330.1982421875	0.0	0, Imagination_a_flower_normal_16###my_stream_name	16	338123
335.1806640625	0.0	0, Perceptiona_penguin_normal_5###my_stream_name	196	343225
338.1748046875	0.0	0, Imagination_a_penguin_normal_5###my_stream_name	72	346291
344.474609375	0.0	0, Perception_image_flower_m###my_stream_name	102	352742
347.908203125	0.0	0, Imagination_image_flower_m###my_stream_name	77	356258
352.6640625	0.0	0, Perception_image_guitar_m###my_stream_name	105	361128
356.1494140625	0.0	0, Imagination_image_guitar_m###my_stream_name	80	364697
360.9140625	0.0	0, Perception_image_penguin_c###my_stream_name	107	369576
364.3984375	0.0	0, Imagination_image_penguin_c###my_stream_name	82	373144
369.1474609375	0.0	0, Perception_image_guitar_s###my_stream_name	106	378007
372.6396484375	0.0	0, Imagination_image_guitar_s###my_stream_name	81	381583
377.4013671875	0.0	0, Perception_image_guitar_s###my_stream_name	106	386459
380.875	0.0	0, Imagination_image_guitar_s###my_stream_name	81	390016
386.71484375	0.0	0, Perception_t_flower_3###my_stream_name	112	395996
390.1787109375	0.0	0, Imagination_t_flower_3###my_stream_name	87	399543
394.9248046875	0.0	0, Perception_t_penguin_1###my_stream_name	120	404403
398.4111328125	0.0	0, Imagination_t_penguin_1###my_stream_name	95	407973
403.1669921875	0.0	0, Perception_t_flower_3###my_stream_name	112	412843
406.6494140625	0.0	0, Imagination_t_flower_3###my_stream_name	87	416409
411.3916015625	0.0	0, Perception_t_guitar_5###my_stream_name	119	421265
414.865234375	0.0	0, Imagination_t_guitar_5###my_stream_name	94	424822
419.6064453125	0.0	0, Perception_t_flower_1###my_stream_name	110	429677
423.08984375	0.0	0, Imagination_t_flower_1###my_stream_name	85	433244
428.697265625	0.0	0, Perceptiona_flower_normal_19###my_stream_name	142	438986
431.6123046875	0.0	0, Imagination_a_flower_normal_19###my_stream_name	18	441971
436.607421875	0.0	0, Perceptiona_penguin_high_5###my_stream_name	178	447086
439.6201171875	0.0	0, Imagination_a_penguin_high_5###my_stream_name	54	450171
444.6044921875	0.0	0, Perceptiona_penguin_normal_16###my_stream_name	191	455275
447.60546875	0.0	0, Imagination_a_penguin_normal_16###my_stream_name	67	458348
452.595703125	0.0	0, Perceptiona_guitar_high_11###my_stream_name	150	463458
455.5908203125	0.0	0, Imagination_a_guitar_high_11###my_stream_name	26	466525
460.599609375	0.0	0, Perceptiona_flower_high_10###my_stream_name	125	471654
463.5927734375	0.0	0, Imagination_a_flower_high_10###my_stream_name	1	474719
469.90625	0.0	0, Perception_image_flower_c###my_stream_name	101	481184
473.3232421875	0.0	0, Imagination_image_flower_c###my_stream_name	76	484683
478.078125	0.0	0, Perception_image_guitar_c###my_stream_name	104	489552
481.578125	0.0	0, Imagination_image_guitar_c###my_stream_name	79	493136
486.353515625	0.0	0, Perception_image_flower_m###my_stream_name	102	498026
489.8251953125	0.0	0, Imagination_image_flower_m###my_stream_name	77	501581
494.5869140625	0.0	0, Perception_image_penguin_c###my_stream_name	107	506457
498.064453125	0.0	0, Imagination_image_penguin_c###my_stream_name	82	510018
502.826171875	0.0	0, Perception_image_penguin_s###my_stream_name	109	514894
506.3173828125	0.0	0, Imagination_image_penguin_s###my_stream_name	84	518469
512.1416015625	0.0	0, Perception_t_penguin_1###my_stream_name	120	524433
515.6220703125	0.0	0, Imagination_t_penguin_1###my_stream_name	95	527997
520.365234375	0.0	0, Perception_t_flower_4###my_stream_name	113	532854
523.837890625	0.0	0, Imagination_t_flower_4###my_stream_name	88	536410
528.595703125	0.0	0, Perception_t_guitar_5###my_stream_name	119	541282
532.0791015625	0.0	0, Imagination_t_guitar_5###my_stream_name	94	544849
536.8232421875	0.0	0, Perception_t_guitar_4###my_stream_name	118	549707
540.3125	0.0	0, Imagination_t_guitar_4###my_stream_name	93	553280
545.06640625	0.0	0, Perception_t_penguin_4###my_stream_name	123	558148
548.544921875	0.0	0, Imagination_t_penguin_4###my_stream_name	98	561710
593.7802734375	0.0	0, start_baseline###my_stream_name	201	608031
605.7490234375	0.0	0, end_baseline###my_stream_name	200	620287
606.861328125	0.0	0, Perceptiona_flower_high_11###my_stream_name	126	621426
609.775390625	0.0	0, Imagination_a_flower_high_11###my_stream_name	2	624410
614.76953125	0.0	0, Perceptiona_flower_low_10###my_stream_name	131	629524
617.7646484375	0.0	0, Imagination_a_flower_low_10###my_stream_name	7	632591
622.7705078125	0.0	0, Perceptiona_flower_high_11###my_stream_name	126	637717
625.767578125	0.0	0, Imagination_a_flower_high_11###my_stream_name	2	640786
630.7568359375	0.0	0, Perceptiona_guitar_normal_19###my_stream_name	169	645895
633.755859375	0.0	0, Imagination_a_guitar_normal_19###my_stream_name	45	648966
638.744140625	0.0	0, Perceptiona_guitar_normal_3###my_stream_name	172	654074
641.73828125	0.0	0, Imagination_a_guitar_normal_3###my_stream_name	48	657140
648.029296875	0.0	0, Perception_image_guitar_m###my_stream_name	105	663582
651.4677734375	0.0	0, Imagination_image_guitar_m###my_stream_name	80	667103
656.2275390625	0.0	0, Perception_image_guitar_m###my_stream_name	105	671977
659.69921875	0.0	0, Imagination_image_guitar_m###my_stream_name	80	675532
664.4814453125	0.0	0, Perception_image_flower_c###my_stream_name	101	680429
667.970703125	0.0	0, Imagination_image_flower_c###my_stream_name	76	684002
672.744140625	0.0	0, Perception_image_flower_s###my_stream_name	103	688890
676.2255859375	0.0	0, Imagination_image_flower_s###my_stream_name	78	692455
681.009765625	0.0	0, Perception_image_flower_c###my_stream_name	101	697354
684.482421875	0.0	0, Imagination_image_flower_c###my_stream_name	76	700910
690.30078125	0.0	0, Perception_t_flower_2###my_stream_name	111	706868
693.767578125	0.0	0, Imagination_t_flower_2###my_stream_name	86	710418
698.51953125	0.0	0, Perception_t_penguin_4###my_stream_name	123	715284
702.0068359375	0.0	0, Imagination_t_penguin_4###my_stream_name	98	718855
706.759765625	0.0	0, Perception_t_flower_1###my_stream_name	110	723722
710.2412109375	0.0	0, Imagination_t_flower_1###my_stream_name	85	727287
715.0	0.0	0, Perception_t_penguin_4###my_stream_name	123	732160
718.4794921875	0.0	0, Imagination_t_penguin_4###my_stream_name	98	735723
723.220703125	0.0	0, Perception_t_penguin_3###my_stream_name	122	740578
726.7109375	0.0	0, Imagination_t_penguin_3###my_stream_name	97	744152
732.53125	0.0	0, Perception_image_guitar_c###my_stream_name	104	750112
735.978515625	0.0	0, Imagination_image_guitar_c###my_stream_name	79	753642
740.73046875	0.0	0, Perception_image_penguin_c###my_stream_name	107	758508
744.216796875	0.0	0, Imagination_image_penguin_c###my_stream_name	82	762078
748.986328125	0.0	0, Perception_image_flower_c###my_stream_name	101	766962
752.47265625	0.0	0, Imagination_image_flower_c###my_stream_name	76	770532
757.2421875	0.0	0, Perception_image_flower_s###my_stream_name	103	775416
760.7197265625	0.0	0, Imagination_image_flower_s###my_stream_name	78	778977
765.4853515625	0.0	0, Perception_image_guitar_c###my_stream_name	104	783857
768.958984375	0.0	0, Imagination_image_guitar_c###my_stream_name	79	787414
774.7685546875	0.0	0, Perception_t_penguin_3###my_stream_name	122	793363
778.248046875	0.0	0, Imagination_t_penguin_3###my_stream_name	97	796926
783.0009765625	0.0	0, Perception_t_guitar_5###my_stream_name	119	801793
786.4794921875	0.0	0, Imagination_t_guitar_5###my_stream_name	94	805355
791.2255859375	0.0	0, Perception_t_flower_5###my_stream_name	114	810215
794.7177734375	0.0	0, Imagination_t_flower_5###my_stream_name	89	813791
799.4697265625	0.0	0, Perception_t_penguin_5###my_stream_name	124	818657
802.95703125	0.0	0, Imagination_t_penguin_5###my_stream_name	99	822228
807.6953125	0.0	0, Perception_t_flower_5###my_stream_name	114	827080
811.1884765625	0.0	0, Imagination_t_flower_5###my_stream_name	89	830657
816.818359375	0.0	0, Perceptiona_guitar_high_18###my_stream_name	152	836422
819.7373046875	0.0	0, Imagination_a_guitar_high_18###my_stream_name	28	839411
824.724609375	0.0	0, Perceptiona_flower_low_23###my_stream_name	134	844518
827.724609375	0.0	0, Imagination_a_flower_low_23###my_stream_name	10	847590
832.7138671875	0.0	0, Perceptiona_guitar_low_6###my_stream_name	161	852699
835.7109375	0.0	0, Imagination_a_guitar_low_6###my_stream_name	37	855768
840.6953125	0.0	0, Perceptiona_penguin_low_19###my_stream_name	183	860872
843.6943359375	0.0	0, Imagination_a_penguin_low_19###my_stream_name	59	863943
848.6796875	0.0	0, Perceptiona_flower_normal_5###my_stream_name	148	869048
851.6796875	0.0	0, Imagination_a_flower_normal_5###my_stream_name	24	872120
857.9716796875	0.0	0, Perception_image_flower_c###my_stream_name	101	878563
861.427734375	0.0	0, Imagination_image_flower_c###my_stream_name	76	882102
866.1884765625	0.0	0, Perception_image_guitar_c###my_stream_name	104	886977
869.6611328125	0.0	0, Imagination_image_guitar_c###my_stream_name	79	890533
874.4453125	0.0	0, Perception_image_penguin_s###my_stream_name	109	895432
877.9169921875	0.0	0, Imagination_image_penguin_s###my_stream_name	84	898987
882.6748046875	0.0	0, Perception_image_guitar_s###my_stream_name	106	903859
886.16796875	0.0	0, Imagination_image_guitar_s###my_stream_name	81	907436
890.9287109375	0.0	0, Perception_image_penguin_s###my_stream_name	109	912311
894.419921875	0.0	0, Imagination_image_penguin_s###my_stream_name	84	915886
900.060546875	0.0	0, Perceptiona_penguin_low_6###my_stream_name	186	921662
902.9853515625	0.0	0, Imagination_a_penguin_low_6###my_stream_name	62	924657
907.96875	0.0	0, Perceptiona_guitar_low_3###my_stream_name	160	929760
910.9658203125	0.0	0, Imagination_a_guitar_low_3###my_stream_name	36	932829
915.9619140625	0.0	0, Perceptiona_guitar_high_5###my_stream_name	155	937945
918.9658203125	0.0	0, Imagination_a_guitar_high_5###my_stream_name	31	941021
923.958984375	0.0	0, Perceptiona_penguin_low_25###my_stream_name	185	946134
926.95703125	0.0	0, Imagination_a_penguin_low_25###my_stream_name	61	949204
931.9482421875	0.0	0, Perceptiona_flower_high_17###my_stream_name	127	954315
934.9404296875	0.0	0, Imagination_a_flower_high_17###my_stream_name	3	957379
941.2177734375	0.0	0, Perception_t_guitar_3###my_stream_name	117	963807
944.6708984375	0.0	0, Imagination_t_guitar_3###my_stream_name	92	967343
949.4169921875	0.0	0, Perception_t_flower_3###my_stream_name	112	972203
952.888671875	0.0	0, Imagination_t_flower_3###my_stream_name	87	975758
957.6328125	0.0	0, Perception_t_flower_4###my_stream_name	113	980616
961.1083984375	0.0	0, Imagination_t_flower_4###my_stream_name	88	984175
965.8818359375	0.0	0, Perception_t_guitar_3###my_stream_name	117	989063
969.3642578125	0.0	0, Imagination_t_guitar_3###my_stream_name	92	992629
974.1220703125	0.0	0, Perception_t_penguin_4###my_stream_name	123	997501
977.6025390625	0.0	0, Imagination_t_penguin_4###my_stream_name	98	1001065
1030.1171875	0.0	0, start_baseline###my_stream_name	201	1054840
1042.087890625	0.0	0, end_baseline###my_stream_name	200	1067098
1043.3916015625	0.0	0, Perception_t_penguin_3###my_stream_name	122	1068433
1046.861328125	0.0	0, Imagination_t_penguin_3###my_stream_name	97	1071986
1051.611328125	0.0	0, Perception_t_guitar_4###my_stream_name	118	1076850
1055.0927734375	0.0	0, Imagination_t_guitar_4###my_stream_name	93	1080415
1059.833984375	0.0	0, Perception_t_guitar_1###my_stream_name	115	1085270
1063.3310546875	0.0	0, Imagination_t_guitar_1###my_stream_name	90	1088851
1068.08203125	0.0	0, Perception_t_flower_2###my_stream_name	111	1093716
1071.5703125	0.0	0, Imagination_t_flower_2###my_stream_name	86	1097288
1076.328125	0.0	0, Perception_t_flower_3###my_stream_name	112	1102160
1079.8232421875	0.0	0, Imagination_t_flower_3###my_stream_name	87	1105739
1085.447265625	0.0	0, Perceptiona_penguin_normal_10###my_stream_name	188	1111498
1088.3447265625	0.0	0, Imagination_a_penguin_normal_10###my_stream_name	64	1114465
1093.3330078125	0.0	0, Perceptiona_guitar_low_25###my_stream_name	159	1119573
1096.333984375	0.0	0, Imagination_a_guitar_low_25###my_stream_name	35	1122646
1101.3212890625	0.0	0, Perceptiona_penguin_high_9###my_stream_name	180	1127753
1104.3212890625	0.0	0, Imagination_a_penguin_high_9###my_stream_name	56	1130825
1109.310546875	0.0	0, Perceptiona_guitar_normal_11###my_stream_name	164	1135934
1112.3046875	0.0	0, Imagination_a_guitar_normal_11###my_stream_name	40	1139000
1117.2919921875	0.0	0, Perceptiona_flower_low_17###my_stream_name	133	1144107
1120.29296875	0.0	0, Imagination_a_flower_low_17###my_stream_name	9	1147180
1126.5908203125	0.0	0, Perception_image_guitar_s###my_stream_name	106	1153629
1130.0244140625	0.0	0, Imagination_image_guitar_s###my_stream_name	81	1157145
1134.76953125	0.0	0, Perception_image_guitar_s###my_stream_name	106	1162004
1138.2548828125	0.0	0, Imagination_image_guitar_s###my_stream_name	81	1165573
1143.0263671875	0.0	0, Perception_image_penguin_m###my_stream_name	108	1170459
1146.509765625	0.0	0, Imagination_image_penguin_m###my_stream_name	83	1174026
1151.2724609375	0.0	0, Perception_image_flower_s###my_stream_name	103	1178903
1154.7666015625	0.0	0, Imagination_image_flower_s###my_stream_name	78	1182481
1159.529296875	0.0	0, Perception_image_penguin_c###my_stream_name	107	1187358
1163.013671875	0.0	0, Imagination_image_penguin_c###my_stream_name	82	1190926
1168.8515625	0.0	0, Perception_t_flower_4###my_stream_name	113	1196904
1172.3232421875	0.0	0, Imagination_t_flower_4###my_stream_name	88	1200459
1177.072265625	0.0	0, Perception_t_penguin_2###my_stream_name	121	1205322
1180.537109375	0.0	0, Imagination_t_penguin_2###my_stream_name	96	1208870
1185.2978515625	0.0	0, Perception_t_penguin_2###my_stream_name	121	1213745
1188.775390625	0.0	0, Imagination_t_penguin_2###my_stream_name	96	1217306
1193.5244140625	0.0	0, Perception_t_guitar_3###my_stream_name	117	1222169
1196.9990234375	0.0	0, Imagination_t_guitar_3###my_stream_name	92	1225727
1201.7392578125	0.0	0, Perception_t_flower_4###my_stream_name	113	1230581
1205.212890625	0.0	0, Imagination_t_flower_4###my_stream_name	88	1234138
1210.8857421875	0.0	0, Perceptiona_guitar_high_11###my_stream_name	150	1239947
1213.7412109375	0.0	0, Imagination_a_guitar_high_11###my_stream_name	26	1242871
1218.7275390625	0.0	0, Perceptiona_penguin_low_25###my_stream_name	185	1247977
1221.7216796875	0.0	0, Imagination_a_penguin_low_25###my_stream_name	61	1251043
1226.7158203125	0.0	0, Perceptiona_flower_normal_23###my_stream_name	145	1256157
1229.7080078125	0.0	0, Imagination_a_flower_normal_23###my_stream_name	21	1259221
1234.7041015625	0.0	0, Perceptiona_guitar_high_25###my_stream_name	154	1264337
1237.697265625	0.0	0, Imagination_a_guitar_high_25###my_stream_name	30	1267402
1242.6923828125	0.0	0, Perceptiona_flower_normal_10###my_stream_name	137	1272517
1245.6875	0.0	0, Imagination_a_flower_normal_10###my_stream_name	13	1275584
1251.984375	0.0	0, Perception_image_flower_m###my_stream_name	102	1282032
1255.41796875	0.0	0, Imagination_image_flower_m###my_stream_name	77	1285548
1260.1767578125	0.0	0, Perception_image_guitar_c###my_stream_name	104	1290421
1263.6484375	0.0	0, Imagination_image_guitar_c###my_stream_name	79	1293976
1268.4111328125	0.0	0, Perception_image_guitar_s###my_stream_name	106	1298853
1271.9033203125	0.0	0, Imagination_image_guitar_s###my_stream_name	81	1302429
1276.6708984375	0.0	0, Perception_image_flower_m###my_stream_name	102	1307311
1280.1591796875	0.0	0, Imagination_image_flower_m###my_stream_name	77	1310883
1284.9267578125	0.0	0, Perception_image_penguin_s###my_stream_name	109	1315765
1288.408203125	0.0	0, Imagination_image_penguin_s###my_stream_name	84	1319330
1294.2607421875	0.0	0, Perception_image_flower_c###my_stream_name	101	1325323
1297.6943359375	0.0	0, Imagination_image_flower_c###my_stream_name	76	1328839
1302.462890625	0.0	0, Perception_image_guitar_c###my_stream_name	104	1333722
1305.951171875	0.0	0, Imagination_image_guitar_c###my_stream_name	79	1337294
1310.69140625	0.0	0, Perception_image_penguin_c###my_stream_name	107	1342148
1314.189453125	0.0	0, Imagination_image_penguin_c###my_stream_name	82	1345730
1318.9482421875	0.0	0, Perception_image_guitar_m###my_stream_name	105	1350603
1322.4365234375	0.0	0, Imagination_image_guitar_m###my_stream_name	80	1354175
1327.1953125	0.0	0, Perception_image_flower_s###my_stream_name	103	1359048
1330.67578125	0.0	0, Imagination_image_flower_s###my_stream_name	78	1362612
1336.51171875	0.0	0, Perception_t_penguin_3###my_stream_name	122	1368588
1339.978515625	0.0	0, Imagination_t_penguin_3###my_stream_name	97	1372138
1344.72265625	0.0	0, Perception_t_guitar_5###my_stream_name	119	1376996
1348.1982421875	0.0	0, Imagination_t_guitar_5###my_stream_name	94	1380555
1352.9482421875	0.0	0, Perception_t_flower_2###my_stream_name	111	1385419
1356.4375	0.0	0, Imagination_t_flower_2###my_stream_name	86	1388992
1361.1884765625	0.0	0, Perception_t_flower_5###my_stream_name	114	1393857
1364.66796875	0.0	0, Imagination_t_flower_5###my_stream_name	89	1397420
1369.435546875	0.0	0, Perception_t_penguin_5###my_stream_name	124	1402302
1372.9248046875	0.0	0, Imagination_t_penguin_5###my_stream_name	99	1405875
1378.5302734375	0.0	0, Perceptiona_guitar_normal_1###my_stream_name	162	1411615
1381.435546875	0.0	0, Imagination_a_guitar_normal_1###my_stream_name	38	1414590
1386.419921875	0.0	0, Perceptiona_penguin_low_19###my_stream_name	183	1419694
1389.4189453125	0.0	0, Imagination_a_penguin_low_19###my_stream_name	59	1422765
1394.4130859375	0.0	0, Perceptiona_flower_low_13###my_stream_name	132	1427879
1397.408203125	0.0	0, Imagination_a_flower_low_13###my_stream_name	8	1430946
1402.39453125	0.0	0, Perceptiona_guitar_normal_25###my_stream_name	171	1436052
1405.3896484375	0.0	0, Imagination_a_guitar_normal_25###my_stream_name	47	1439119
1410.3798828125	0.0	0, Perceptiona_flower_normal_5###my_stream_name	148	1444229
1413.3779296875	0.0	0, Imagination_a_flower_normal_5###my_stream_name	24	1447299
1777.037109375	0.0	0, start_baseline###my_stream_name	201	1819686
1789.001953125	0.0	0, end_baseline###my_stream_name	200	1831938
1790.2958984375	0.0	0, Perception_image_penguin_s###my_stream_name	109	1833263
1793.771484375	0.0	0, Imagination_image_penguin_s###my_stream_name	84	1836822
1798.5400390625	0.0	0, Perception_image_flower_s###my_stream_name	103	1841705
1802.02734375	0.0	0, Imagination_image_flower_s###my_stream_name	78	1845276
1806.7744140625	0.0	0, Perception_image_penguin_s###my_stream_name	109	1850137
1810.2412109375	0.0	0, Imagination_image_penguin_s###my_stream_name	84	1853687
1815.005859375	0.0	0, Perception_image_penguin_m###my_stream_name	108	1858566
1818.48046875	0.0	0, Imagination_image_penguin_m###my_stream_name	83	1862124
1823.2490234375	0.0	0, Perception_image_penguin_m###my_stream_name	108	1867007
1826.736328125	0.0	0, Imagination_image_penguin_m###my_stream_name	83	1870578
1832.5595703125	0.0	0, Perception_t_guitar_4###my_stream_name	118	1876541
1836.0166015625	0.0	0, Imagination_t_guitar_4###my_stream_name	93	1880081
1840.759765625	0.0	0, Perception_t_guitar_2###my_stream_name	116	1884938
1844.2392578125	0.0	0, Imagination_t_guitar_2###my_stream_name	91	1888501
1848.9931640625	0.0	0, Perception_t_guitar_1###my_stream_name	115	1893369
1852.4775390625	0.0	0, Imagination_t_guitar_1###my_stream_name	90	1896937
1857.2265625	0.0	0, Perception_t_guitar_1###my_stream_name	115	1901800
1860.708984375	0.0	0, Imagination_t_guitar_1###my_stream_name	90	1905366
1865.4619140625	0.0	0, Perception_t_penguin_3###my_stream_name	122	1910233
1868.9482421875	0.0	0, Imagination_t_penguin_3###my_stream_name	97	1913803
1874.552734375	0.0	0, Perceptiona_penguin_normal_11###my_stream_name	189	1919542
1877.4609375	0.0	0, Imagination_a_penguin_normal_11###my_stream_name	65	1922520
1882.4462890625	0.0	0, Perceptiona_penguin_normal_19###my_stream_name	192	1927625
1885.4404296875	0.0	0, Imagination_a_penguin_normal_19###my_stream_name	68	1930691
1890.4384765625	0.0	0, Perceptiona_flower_low_25###my_stream_name	135	1935809
1893.4296875	0.0	0, Imagination_a_flower_low_25###my_stream_name	11	1938872
1898.4296875	0.0	0, Perceptiona_penguin_normal_15###my_stream_name	190	1943992
1901.435546875	0.0	0, Imagination_a_penguin_normal_15###my_stream_name	66	1947070
1906.4189453125	0.0	0, Perceptiona_penguin_high_5###my_stream_name	178	1952173
1909.4208984375	0.0	0, Imagination_a_penguin_high_5###my_stream_name	54	1955247
1915.728515625	0.0	0, Perception_image_flower_c###my_stream_name	101	1961706
1919.1640625	0.0	0, Imagination_image_flower_c###my_stream_name	76	1965224
1923.935546875	0.0	0, Perception_image_penguin_m###my_stream_name	108	1970110
1927.4189453125	0.0	0, Imagination_image_penguin_m###my_stream_name	83	1973677
1932.1728515625	0.0	0, Perception_image_penguin_c###my_stream_name	107	1978545
1935.6513671875	0.0	0, Imagination_image_penguin_c###my_stream_name	82	1982107
1940.42578125	0.0	0, Perception_image_penguin_c###my_stream_name	107	1986996
1943.90625	0.0	0, Imagination_image_penguin_c###my_stream_name	82	1990560
1948.6826171875	0.0	0, Perception_image_penguin_s###my_stream_name	109	1995451
1952.162109375	0.0	0, Imagination_image_penguin_s###my_stream_name	84	1999014
1957.9833984375	0.0	0, Perception_t_guitar_5###my_stream_name	119	2004975
1961.4453125	0.0	0, Imagination_t_guitar_5###my_stream_name	94	2008520
1966.2060546875	0.0	0, Perception_t_guitar_3###my_stream_name	117	2013395
1969.68359375	0.0	0, Imagination_t_guitar_3###my_stream_name	92	2016956
1974.4375	0.0	0, Perception_t_guitar_4###my_stream_name	118	2021824
1977.9228515625	0.0	0, Imagination_t_guitar_4###my_stream_name	93	2025393
1982.6787109375	0.0	0, Perception_t_penguin_5###my_stream_name	124	2030263
1986.154296875	0.0	0, Imagination_t_penguin_5###my_stream_name	99	2033822
1990.8994140625	0.0	0, Perception_t_guitar_2###my_stream_name	116	2038681
1994.37109375	0.0	0, Imagination_t_guitar_2###my_stream_name	91	2042236
1999.984375	0.0	0, Perceptiona_penguin_normal_1 ###my_stream_name	187	2047984
2002.9013671875	0.0	0, Imagination_a_penguin_normal_1 ###my_stream_name	63	2050971
2007.896484375	0.0	0, Perceptiona_penguin_high_25###my_stream_name	177	2056086
2010.884765625	0.0	0, Imagination_a_penguin_high_25###my_stream_name	53	2059146
2015.87109375	0.0	0, Perceptiona_penguin_high_9###my_stream_name	180	2064252
2018.8701171875	0.0	0, Imagination_a_penguin_high_9###my_stream_name	56	2067323
2023.86328125	0.0	0, Perceptiona_penguin_low_15###my_stream_name	182	2072436
2026.8603515625	0.0	0, Imagination_a_penguin_low_15###my_stream_name	58	2075505
2031.8515625	0.0	0, Perceptiona_flower_normal_21###my_stream_name	143	2080616
2034.8486328125	0.0	0, Imagination_a_flower_normal_21###my_stream_name	19	2083685
2041.1357421875	0.0	0, Perception_image_penguin_s###my_stream_name	109	2090123
2044.5908203125	0.0	0, Imagination_image_penguin_s###my_stream_name	84	2093661
2049.34765625	0.0	0, Perception_image_penguin_m###my_stream_name	108	2098532
2052.8330078125	0.0	0, Imagination_image_penguin_m###my_stream_name	83	2102101
2057.5986328125	0.0	0, Perception_image_flower_m###my_stream_name	102	2106981
2061.08203125	0.0	0, Imagination_image_flower_m###my_stream_name	77	2110548
2065.8544921875	0.0	0, Perception_image_guitar_c###my_stream_name	104	2115435
2069.3388671875	0.0	0, Imagination_image_guitar_c###my_stream_name	79	2119003
2074.0986328125	0.0	0, Perception_image_guitar_m###my_stream_name	105	2123877
2077.5908203125	0.0	0, Imagination_image_guitar_m###my_stream_name	80	2127453
2083.40234375	0.0	0, Perception_t_penguin_1###my_stream_name	120	2133404
2086.8740234375	0.0	0, Imagination_t_penguin_1###my_stream_name	95	2136959
2091.6279296875	0.0	0, Perception_t_guitar_3###my_stream_name	117	2141827
2095.115234375	0.0	0, Imagination_t_guitar_3###my_stream_name	92	2145398
2099.857421875	0.0	0, Perception_t_flower_4###my_stream_name	113	2150254
2103.3466796875	0.0	0, Imagination_t_flower_4###my_stream_name	88	2153827
2108.09375	0.0	0, Perception_t_guitar_1###my_stream_name	115	2158688
2111.580078125	0.0	0, Imagination_t_guitar_1###my_stream_name	90	2162258
2116.333984375	0.0	0, Perception_t_flower_1###my_stream_name	110	2167126
2119.8212890625	0.0	0, Imagination_t_flower_1###my_stream_name	85	2170697
2125.4345703125	0.0	0, Perceptiona_guitar_high_14###my_stream_name	151	2176445
2128.34375	0.0	0, Imagination_a_guitar_high_14###my_stream_name	27	2179424
2133.3359375	0.0	0, Perceptiona_penguin_normal_25###my_stream_name	193	2184536
2136.3369140625	0.0	0, Imagination_a_penguin_normal_25###my_stream_name	69	2187609
2141.3212890625	0.0	0, Perceptiona_guitar_normal_14###my_stream_name	166	2192713
2144.32421875	0.0	0, Imagination_a_guitar_normal_14###my_stream_name	42	2195788
2149.3076171875	0.0	0, Perceptiona_flower_normal_12###my_stream_name	139	2200891
2152.3076171875	0.0	0, Imagination_a_flower_normal_12###my_stream_name	15	2203963
2157.2998046875	0.0	0, Perceptiona_penguin_low_22###my_stream_name	184	2209075
2160.2900390625	0.0	0, Imagination_a_penguin_low_22###my_stream_name	60	2212137
2192.2275390625	0.0	0, start_baseline###my_stream_name	201	2244841
2204.212890625	0.0	0, end_baseline###my_stream_name	200	2257114
2205.517578125	0.0	0, Perception_t_penguin_2###my_stream_name	121	2258450
2208.986328125	0.0	0, Imagination_t_penguin_2###my_stream_name	96	2262002
2213.75390625	0.0	0, Perception_t_flower_2###my_stream_name	111	2266884
2217.240234375	0.0	0, Imagination_t_flower_2###my_stream_name	86	2270454
2221.984375	0.0	0, Perception_t_penguin_2###my_stream_name	121	2275312
2225.47265625	0.0	0, Imagination_t_penguin_2###my_stream_name	96	2278884
2230.2333984375	0.0	0, Perception_t_guitar_4###my_stream_name	118	2283759
2233.712890625	0.0	0, Imagination_t_guitar_4###my_stream_name	93	2287322
2238.4658203125	0.0	0, Perception_t_guitar_1###my_stream_name	115	2292189
2241.9462890625	0.0	0, Imagination_t_guitar_1###my_stream_name	90	2295753
2247.7509765625	0.0	0, Perception_image_flower_m###my_stream_name	102	2301697
2251.197265625	0.0	0, Imagination_image_flower_m###my_stream_name	77	2305226
2255.958984375	0.0	0, Perception_image_penguin_m###my_stream_name	108	2310102
2259.431640625	0.0	0, Imagination_image_penguin_m###my_stream_name	83	2313658
2264.2080078125	0.0	0, Perception_image_penguin_c###my_stream_name	107	2318549
2267.6875	0.0	0, Imagination_image_penguin_c###my_stream_name	82	2322112
2272.447265625	0.0	0, Perception_image_flower_s###my_stream_name	103	2326986
2275.921875	0.0	0, Imagination_image_flower_s###my_stream_name	78	2330544
2280.6865234375	0.0	0, Perception_image_guitar_m###my_stream_name	105	2335423
2284.1630859375	0.0	0, Imagination_image_guitar_m###my_stream_name	80	2338983
2289.8125	0.0	0, Perceptiona_flower_normal_3###my_stream_name	147	2344768
2292.7041015625	0.0	0, Imagination_a_flower_normal_3###my_stream_name	23	2347729
2297.6953125	0.0	0, Perceptiona_guitar_normal_12###my_stream_name	165	2352840
2300.693359375	0.0	0, Imagination_a_guitar_normal_12###my_stream_name	41	2355910
2305.6728515625	0.0	0, Perceptiona_flower_normal_23###my_stream_name	145	2361009
2308.677734375	0.0	0, Imagination_a_flower_normal_23###my_stream_name	21	2364086
2313.666015625	0.0	0, Perceptiona_penguin_normal_15###my_stream_name	190	2369194
2316.662109375	0.0	0, Imagination_a_penguin_normal_15###my_stream_name	66	2372262
2321.654296875	0.0	0, Perceptiona_penguin_high_6###my_stream_name	179	2377374
2324.6533203125	0.0	0, Imagination_a_penguin_high_6###my_stream_name	55	2380445
2330.931640625	0.0	0, Perception_t_flower_2###my_stream_name	111	2386874
2334.400390625	0.0	0, Imagination_t_flower_2###my_stream_name	86	2390426
2339.14453125	0.0	0, Perception_t_guitar_4###my_stream_name	118	2395284
2342.6337890625	0.0	0, Imagination_t_guitar_4###my_stream_name	93	2398857
2347.3876953125	0.0	0, Perception_t_penguin_1###my_stream_name	120	2403725
2350.8681640625	0.0	0, Imagination_t_penguin_1###my_stream_name	95	2407289
2355.6416015625	0.0	0, Perception_t_guitar_2###my_stream_name	116	2412177
2359.1240234375	0.0	0, Imagination_t_guitar_2###my_stream_name	91	2415743
2363.859375	0.0	0, Perception_t_penguin_5###my_stream_name	124	2420592
2367.3388671875	0.0	0, Imagination_t_penguin_5###my_stream_name	99	2424155
2372.94140625	0.0	0, Perceptiona_guitar_normal_25###my_stream_name	171	2429892
2375.8544921875	0.0	0, Imagination_a_guitar_normal_25###my_stream_name	47	2432875
2380.833984375	0.0	0, Perceptiona_penguin_high_6###my_stream_name	179	2437974
2383.8369140625	0.0	0, Imagination_a_penguin_high_6###my_stream_name	55	2441049
2388.8310546875	0.0	0, Perceptiona_penguin_normal_9###my_stream_name	198	2446163
2391.8193359375	0.0	0, Imagination_a_penguin_normal_9###my_stream_name	74	2449223
2396.814453125	0.0	0, Perceptiona_flower_normal_11###my_stream_name	138	2454338
2399.8134765625	0.0	0, Imagination_a_flower_normal_11###my_stream_name	14	2457409
2404.8037109375	0.0	0, Perceptiona_flower_normal_24###my_stream_name	146	2462519
2407.794921875	0.0	0, Imagination_a_flower_normal_24###my_stream_name	22	2465582
2414.0908203125	0.0	0, Perception_image_flower_m###my_stream_name	102	2472029
2417.5244140625	0.0	0, Imagination_image_flower_m###my_stream_name	77	2475545
2422.29296875	0.0	0, Perception_image_penguin_s###my_stream_name	109	2480428
2425.779296875	0.0	0, Imagination_image_penguin_s###my_stream_name	84	2483998
2430.5458984375	0.0	0, Perception_image_penguin_c###my_stream_name	107	2488879
2434.02734375	0.0	0, Imagination_image_penguin_c###my_stream_name	82	2492444
2438.7939453125	0.0	0, Perception_image_guitar_m###my_stream_name	105	2497325
2442.2822265625	0.0	0, Imagination_image_guitar_m###my_stream_name	80	2500897
2447.0556640625	0.0	0, Perception_image_flower_c###my_stream_name	101	2505785
2450.5380859375	0.0	0, Imagination_image_flower_c###my_stream_name	76	2509351
2456.18359375	0.0	0, Perceptiona_flower_normal_22###my_stream_name	144	2515132
2459.0986328125	0.0	0, Imagination_a_flower_normal_22###my_stream_name	20	2518117
2464.0869140625	0.0	0, Perceptiona_penguin_high_12###my_stream_name	176	2523225
2467.08203125	0.0	0, Imagination_a_penguin_high_12###my_stream_name	52	2526292
2472.0673828125	0.0	0, Perceptiona_flower_normal_11###my_stream_name	138	2531397
2475.0703125	0.0	0, Imagination_a_flower_normal_11###my_stream_name	14	2534472
2480.0625	0.0	0, Perceptiona_guitar_normal_17###my_stream_name	167	2539584
2483.0517578125	0.0	0, Imagination_a_guitar_normal_17###my_stream_name	43	2542645
2488.0390625	0.0	0, Perceptiona_penguin_high_25###my_stream_name	177	2547752
2491.0439453125	0.0	0, Imagination_a_penguin_high_25###my_stream_name	53	2550829
2497.337890625	0.0	0, Perception_t_guitar_5###my_stream_name	119	2557274
2500.787109375	0.0	0, Imagination_t_guitar_5###my_stream_name	94	2560806
2505.5302734375	0.0	0, Perception_t_penguin_1###my_stream_name	120	2565663
2509.0029296875	0.0	0, Imagination_t_penguin_1###my_stream_name	95	2569219
2513.771484375	0.0	0, Perception_t_penguin_2###my_stream_name	121	2574102
2517.2587890625	0.0	0, Imagination_t_penguin_2###my_stream_name	96	2577673
2522.0029296875	0.0	0, Perception_t_guitar_5###my_stream_name	119	2582531
2525.4970703125	0.0	0, Imagination_t_guitar_5###my_stream_name	94	2586109
2530.251953125	0.0	0, Perception_t_flower_1###my_stream_name	110	2590978
2533.7353515625	0.0	0, Imagination_t_flower_1###my_stream_name	85	2594545
2539.544921875	0.0	0, Perception_image_penguin_c###my_stream_name	107	2600494
2543.0029296875	0.0	0, Imagination_image_penguin_c###my_stream_name	82	2604035
2547.7724609375	0.0	0, Perception_image_flower_m###my_stream_name	102	2608919
2551.251953125	0.0	0, Imagination_image_flower_m###my_stream_name	77	2612482
2556.0205078125	0.0	0, Perception_image_guitar_m###my_stream_name	105	2617365
2559.4912109375	0.0	0, Imagination_image_guitar_m###my_stream_name	80	2620919
2564.2626953125	0.0	0, Perception_image_penguin_c###my_stream_name	107	2625805
2567.748046875	0.0	0, Imagination_image_penguin_c###my_stream_name	82	2629374
2572.5	0.0	0, Perception_image_flower_m###my_stream_name	102	2634240
2575.982421875	0.0	0, Imagination_image_flower_m###my_stream_name	77	2637806
2621.7314453125	0.0	0, start_baseline###my_stream_name	201	2684653
2633.7138671875	0.0	0, end_baseline###my_stream_name	200	2696923
2635.0205078125	0.0	0, Perception_t_flower_4###my_stream_name	113	2698261
2638.484375	0.0	0, Imagination_t_flower_4###my_stream_name	88	2701808
2643.2353515625	0.0	0, Perception_t_flower_4###my_stream_name	113	2706673
2646.7255859375	0.0	0, Imagination_t_flower_4###my_stream_name	88	2710247
2651.4853515625	0.0	0, Perception_t_flower_5###my_stream_name	114	2715121
2654.9580078125	0.0	0, Imagination_t_flower_5###my_stream_name	89	2718677
2659.7119140625	0.0	0, Perception_t_guitar_1###my_stream_name	115	2723545
2663.181640625	0.0	0, Imagination_t_guitar_1###my_stream_name	90	2727098
2667.9326171875	0.0	0, Perception_t_flower_2###my_stream_name	111	2731963
2671.4150390625	0.0	0, Imagination_t_flower_2###my_stream_name	86	2735529
2677.0205078125	0.0	0, Perceptiona_guitar_normal_18###my_stream_name	168	2741269
2679.9228515625	0.0	0, Imagination_a_guitar_normal_18###my_stream_name	44	2744241
2684.916015625	0.0	0, Perceptiona_penguin_normal_6###my_stream_name	197	2749354
2687.9287109375	0.0	0, Imagination_a_penguin_normal_6###my_stream_name	73	2752439
2692.9189453125	0.0	0, Perceptiona_guitar_high_19###my_stream_name	153	2757549
2695.912109375	0.0	0, Imagination_a_guitar_high_19###my_stream_name	29	2760614
2700.904296875	0.0	0, Perceptiona_guitar_normal_12###my_stream_name	165	2765726
2703.896484375	0.0	0, Imagination_a_guitar_normal_12###my_stream_name	41	2768790
2708.884765625	0.0	0, Perceptiona_guitar_high_25###my_stream_name	154	2773898
2711.884765625	0.0	0, Imagination_a_guitar_high_25###my_stream_name	30	2776970
2718.19140625	0.0	0, Perception_image_guitar_c###my_stream_name	104	2783428
2721.611328125	0.0	0, Imagination_image_guitar_c###my_stream_name	79	2786930
2726.37109375	0.0	0, Perception_image_penguin_m###my_stream_name	108	2791804
2729.8525390625	0.0	0, Imagination_image_penguin_m###my_stream_name	83	2795369
2734.6103515625	0.0	0, Perception_image_guitar_s###my_stream_name	106	2800241
2738.1064453125	0.0	0, Imagination_image_guitar_s###my_stream_name	81	2803821
2742.8564453125	0.0	0, Perception_image_guitar_s###my_stream_name	106	2808685
2746.337890625	0.0	0, Imagination_image_guitar_s###my_stream_name	81	2812250
2751.11328125	0.0	0, Perception_image_guitar_m###my_stream_name	105	2817140
2754.5947265625	0.0	0, Imagination_image_guitar_m###my_stream_name	80	2820705
2760.4267578125	0.0	0, Perception_t_guitar_1###my_stream_name	115	2826677
2763.896484375	0.0	0, Imagination_t_guitar_1###my_stream_name	90	2830230
2768.65234375	0.0	0, Perception_t_guitar_3###my_stream_name	117	2835100
2772.1318359375	0.0	0, Imagination_t_guitar_3###my_stream_name	92	2838663
2776.873046875	0.0	0, Perception_t_penguin_3###my_stream_name	122	2843518
2780.37109375	0.0	0, Imagination_t_penguin_3###my_stream_name	97	2847100
2785.1240234375	0.0	0, Perception_t_penguin_4###my_stream_name	123	2851967
2788.6015625	0.0	0, Imagination_t_penguin_4###my_stream_name	98	2855528
2793.3505859375	0.0	0, Perception_t_penguin_2###my_stream_name	121	2860391
2796.8427734375	0.0	0, Imagination_t_penguin_2###my_stream_name	96	2863967
2802.4404296875	0.0	0, Perceptiona_penguin_low_15###my_stream_name	182	2869699
2805.3466796875	0.0	0, Imagination_a_penguin_low_15###my_stream_name	58	2872675
2810.33984375	0.0	0, Perceptiona_penguin_normal_19###my_stream_name	192	2877788
2813.3349609375	0.0	0, Imagination_a_penguin_normal_19###my_stream_name	68	2880855
2818.328125	0.0	0, Perceptiona_flower_high_23###my_stream_name	128	2885968
2821.34375	0.0	0, Imagination_a_flower_high_23###my_stream_name	4	2889056
2826.32421875	0.0	0, Perceptiona_flower_normal_22###my_stream_name	144	2894156
2829.3291015625	0.0	0, Imagination_a_flower_normal_22###my_stream_name	20	2897233
2834.3115234375	0.0	0, Perceptiona_flower_low_10###my_stream_name	131	2902335
2837.310546875	0.0	0, Imagination_a_flower_low_10###my_stream_name	7	2905406
2843.603515625	0.0	0, Perception_image_penguin_s###my_stream_name	109	2911850
2847.037109375	0.0	0, Imagination_image_penguin_s###my_stream_name	84	2915366
2851.8076171875	0.0	0, Perception_image_penguin_m###my_stream_name	108	2920251
2855.2958984375	0.0	0, Imagination_image_penguin_m###my_stream_name	83	2923823
2860.068359375	0.0	0, Perception_image_flower_s###my_stream_name	103	2928710
2863.5478515625	0.0	0, Imagination_image_flower_s###my_stream_name	78	2932273
2868.310546875	0.0	0, Perception_image_flower_m###my_stream_name	102	2937150
2871.798828125	0.0	0, Imagination_image_flower_m###my_stream_name	77	2940722
2876.568359375	0.0	0, Perception_image_flower_s###my_stream_name	103	2945606
2880.05078125	0.0	0, Imagination_image_flower_s###my_stream_name	78	2949172
2885.966796875	0.0	0, Perception_image_guitar_m###my_stream_name	105	2955230
2889.4228515625	0.0	0, Imagination_image_guitar_m###my_stream_name	80	2958769
2894.1826171875	0.0	0, Perception_image_guitar_s###my_stream_name	106	2963643
2897.6611328125	0.0	0, Imagination_image_guitar_s###my_stream_name	81	2967205
2902.4140625	0.0	0, Perception_image_flower_c###my_stream_name	101	2972072
2905.900390625	0.0	0, Imagination_image_flower_c###my_stream_name	76	2975642
2910.65625	0.0	0, Perception_image_flower_m###my_stream_name	102	2980512
2914.130859375	0.0	0, Imagination_image_flower_m###my_stream_name	77	2984070
2918.8876953125	0.0	0, Perception_image_flower_s###my_stream_name	103	2988941
2922.3671875	0.0	0, Imagination_image_flower_s###my_stream_name	78	2992504
2928.2099609375	0.0	0, Perception_t_penguin_1###my_stream_name	120	2998487
2931.6708984375	0.0	0, Imagination_t_penguin_1###my_stream_name	95	3002031
2936.4130859375	0.0	0, Perception_t_flower_3###my_stream_name	112	3006887
2939.9111328125	0.0	0, Imagination_t_flower_3###my_stream_name	87	3010469
2944.66015625	0.0	0, Perception_t_penguin_5###my_stream_name	124	3015332
2948.12890625	0.0	0, Imagination_t_penguin_5###my_stream_name	99	3018884
2952.884765625	0.0	0, Perception_t_penguin_3###my_stream_name	122	3023754
2956.359375	0.0	0, Imagination_t_penguin_3###my_stream_name	97	3027312
2961.119140625	0.0	0, Perception_t_flower_2###my_stream_name	111	3032186
2964.599609375	0.0	0, Imagination_t_flower_2###my_stream_name	86	3035750
2970.205078125	0.0	0, Perceptiona_guitar_normal_3###my_stream_name	172	3041490
2973.111328125	0.0	0, Imagination_a_guitar_normal_3###my_stream_name	48	3044466
2978.09375	0.0	0, Perceptiona_flower_normal_12###my_stream_name	139	3049568
2981.103515625	0.0	0, Imagination_a_flower_normal_12###my_stream_name	15	3052650
2986.1064453125	0.0	0, Perceptiona_guitar_low_19###my_stream_name	158	3057773
2989.09765625	0.0	0, Imagination_a_guitar_low_19###my_stream_name	34	3060836
2994.0810546875	0.0	0, Perceptiona_flower_low_17###my_stream_name	133	3065939
2997.0830078125	0.0	0, Imagination_a_flower_low_17###my_stream_name	9	3069013
3002.07421875	0.0	0, Perceptiona_flower_high_5###my_stream_name	130	3074124
3005.0712890625	0.0	0, Imagination_a_flower_high_5###my_stream_name	6	3077193
3424.2314453125	0.0	0, start_baseline###my_stream_name	201	3506413
3436.1982421875	0.0	0, end_baseline###my_stream_name	200	3518667
3437.5185546875	0.0	0, Perception_image_flower_c###my_stream_name	101	3520019
3440.96484375	0.0	0, Imagination_image_flower_c###my_stream_name	76	3523548
3445.734375	0.0	0, Perception_image_penguin_m###my_stream_name	108	3528432
3449.205078125	0.0	0, Imagination_image_penguin_m###my_stream_name	83	3531986
3453.982421875	0.0	0, Perception_image_guitar_m###my_stream_name	105	3536878
3457.4541015625	0.0	0, Imagination_image_guitar_m###my_stream_name	80	3540433
3462.2099609375	0.0	0, Perception_image_guitar_s###my_stream_name	106	3545303
3465.6953125	0.0	0, Imagination_image_guitar_s###my_stream_name	81	3548872
3470.4423828125	0.0	0, Perception_image_penguin_s###my_stream_name	109	3553733
3473.927734375	0.0	0, Imagination_image_penguin_s###my_stream_name	84	3557302
3479.56640625	0.0	0, Perceptiona_flower_high_17###my_stream_name	127	3563076
3482.474609375	0.0	0, Imagination_a_flower_high_17###my_stream_name	3	3566054
3487.4599609375	0.0	0, Perceptiona_guitar_low_17###my_stream_name	157	3571159
3490.4599609375	0.0	0, Imagination_a_guitar_low_17###my_stream_name	33	3574231
3495.4453125	0.0	0, Perceptiona_penguin_low_6###my_stream_name	186	3579336
3498.4404296875	0.0	0, Imagination_a_penguin_low_6###my_stream_name	62	3582403
3503.4296875	0.0	0, Perceptiona_penguin_normal_6###my_stream_name	197	3587512
3506.4287109375	0.0	0, Imagination_a_penguin_normal_6###my_stream_name	73	3590583
3511.416015625	0.0	0, Perceptiona_guitar_normal_19###my_stream_name	169	3595690
3514.4189453125	0.0	0, Imagination_a_guitar_normal_19###my_stream_name	45	3598765
3520.6923828125	0.0	0, Perception_t_flower_1###my_stream_name	110	3605189
3524.1474609375	0.0	0, Imagination_t_flower_1###my_stream_name	85	3608727
3528.896484375	0.0	0, Perception_t_flower_3###my_stream_name	112	3613590
3532.38671875	0.0	0, Imagination_t_flower_3###my_stream_name	87	3617164
3537.14453125	0.0	0, Perception_t_guitar_3###my_stream_name	117	3622036
3540.6396484375	0.0	0, Imagination_t_guitar_3###my_stream_name	92	3625615
3545.4052734375	0.0	0, Perception_t_penguin_4###my_stream_name	123	3630495
3548.88671875	0.0	0, Imagination_t_penguin_4###my_stream_name	98	3634060
3553.634765625	0.0	0, Perception_t_guitar_1###my_stream_name	115	3638922
3557.109375	0.0	0, Imagination_t_guitar_1###my_stream_name	90	3642480
3562.9130859375	0.0	0, Perception_t_flower_1###my_stream_name	110	3648423
3566.3955078125	0.0	0, Imagination_t_flower_1###my_stream_name	85	3651989
3571.1435546875	0.0	0, Perception_t_flower_1###my_stream_name	110	3656851
3574.626953125	0.0	0, Imagination_t_flower_1###my_stream_name	85	3660418
3579.375	0.0	0, Perception_t_flower_4###my_stream_name	113	3665280
3582.849609375	0.0	0, Imagination_t_flower_4###my_stream_name	88	3668838
3587.61328125	0.0	0, Perception_t_guitar_4###my_stream_name	118	3673716
3591.0888671875	0.0	0, Imagination_t_guitar_4###my_stream_name	93	3677275
3595.8544921875	0.0	0, Perception_t_penguin_5###my_stream_name	124	3682155
3599.3359375	0.0	0, Imagination_t_penguin_5###my_stream_name	99	3685720
3604.978515625	0.0	0, Perceptiona_penguin_high_10###my_stream_name	175	3691498
3607.8662109375	0.0	0, Imagination_a_penguin_high_10###my_stream_name	51	3694455
3612.875	0.0	0, Perceptiona_guitar_normal_10###my_stream_name	163	3699584
3615.8701171875	0.0	0, Imagination_a_guitar_normal_10###my_stream_name	39	3702651
3620.8544921875	0.0	0, Perceptiona_guitar_high_5###my_stream_name	155	3707755
3623.8564453125	0.0	0, Imagination_a_guitar_high_5###my_stream_name	31	3710829
3628.8427734375	0.0	0, Perceptiona_flower_high_5###my_stream_name	130	3715935
3631.837890625	0.0	0, Imagination_a_flower_high_5###my_stream_name	6	3719002
3636.826171875	0.0	0, Perceptiona_guitar_normal_17###my_stream_name	167	3724110
3639.8271484375	0.0	0, Imagination_a_guitar_normal_17###my_stream_name	43	3727183
3646.1181640625	0.0	0, Perception_image_guitar_m###my_stream_name	105	3733625
3649.556640625	0.0	0, Imagination_image_guitar_m###my_stream_name	80	3737146
3654.3203125	0.0	0, Perception_image_guitar_m###my_stream_name	105	3742024
3657.8046875	0.0	0, Imagination_image_guitar_m###my_stream_name	80	3745592
3662.5673828125	0.0	0, Perception_image_flower_c###my_stream_name	101	3750469
3666.0458984375	0.0	0, Imagination_image_flower_c###my_stream_name	76	3754031
3670.8203125	0.0	0, Perception_image_penguin_c###my_stream_name	107	3758920
3674.294921875	0.0	0, Imagination_image_penguin_c###my_stream_name	82	3762478
3679.0517578125	0.0	0, Perception_image_guitar_c###my_stream_name	104	3767349
3682.5361328125	0.0	0, Imagination_image_guitar_c###my_stream_name	79	3770917
3688.1806640625	0.0	0, Perceptiona_guitar_normal_6###my_stream_name	173	3776697
3691.0908203125	0.0	0, Imagination_a_guitar_normal_6###my_stream_name	49	3779677
3696.0849609375	0.0	0, Perceptiona_penguin_low_10###my_stream_name	181	3784791
3699.0830078125	0.0	0, Imagination_a_penguin_low_10###my_stream_name	57	3787861
3704.0615234375	0.0	0, Perceptiona_flower_normal_19###my_stream_name	142	3792959
3707.068359375	0.0	0, Imagination_a_flower_normal_19###my_stream_name	18	3796038
3712.0517578125	0.0	0, Perceptiona_guitar_low_17###my_stream_name	157	3801141
3715.05078125	0.0	0, Imagination_a_guitar_low_17###my_stream_name	33	3804212
3720.04296875	0.0	0, Perceptiona_guitar_normal_22###my_stream_name	170	3809324
3723.0400390625	0.0	0, Imagination_a_guitar_normal_22###my_stream_name	46	3812393
3729.3193359375	0.0	0, Perception_t_guitar_3###my_stream_name	117	3818823
3732.7724609375	0.0	0, Imagination_t_guitar_3###my_stream_name	92	3822359
3737.5126953125	0.0	0, Perception_t_flower_3###my_stream_name	112	3827213
3740.9853515625	0.0	0, Imagination_t_flower_3###my_stream_name	87	3830769
3745.740234375	0.0	0, Perception_t_flower_2###my_stream_name	111	3835638
3749.2255859375	0.0	0, Imagination_t_flower_2###my_stream_name	86	3839207
3753.9755859375	0.0	0, Perception_t_penguin_1###my_stream_name	120	3844071
3757.4599609375	0.0	0, Imagination_t_penguin_1###my_stream_name	95	3847639
3762.201171875	0.0	0, Perception_t_flower_1###my_stream_name	110	3852494
3765.68359375	0.0	0, Imagination_t_flower_1###my_stream_name	85	3856060
3771.4755859375	0.0	0, Perception_image_penguin_s###my_stream_name	109	3861991
3774.931640625	0.0	0, Imagination_image_penguin_s###my_stream_name	84	3865530
3779.701171875	0.0	0, Perception_image_guitar_s###my_stream_name	106	3870414
3783.185546875	0.0	0, Imagination_image_guitar_s###my_stream_name	81	3873982
3787.955078125	0.0	0, Perception_image_flower_m###my_stream_name	102	3878866
3791.4365234375	0.0	0, Imagination_image_flower_m###my_stream_name	77	3882431
3796.1923828125	0.0	0, Perception_image_guitar_m###my_stream_name	105	3887301
3799.6767578125	0.0	0, Imagination_image_guitar_m###my_stream_name	80	3890869
3804.4326171875	0.0	0, Perception_image_guitar_m###my_stream_name	105	3895739
3807.9091796875	0.0	0, Imagination_image_guitar_m###my_stream_name	80	3899299
3831.0185546875	0.0	0, start_baseline###my_stream_name	201	3922963
3842.9931640625	0.0	0, end_baseline###my_stream_name	200	3935225
3844.2919921875	0.0	0, Perception_t_penguin_1###my_stream_name	120	3936555
3847.7607421875	0.0	0, Imagination_t_penguin_1###my_stream_name	95	3940107
3852.501953125	0.0	0, Perception_t_flower_5###my_stream_name	114	3944962
3855.978515625	0.0	0, Imagination_t_flower_5###my_stream_name	89	3948522
3860.724609375	0.0	0, Perception_t_guitar_5###my_stream_name	119	3953382
3864.21484375	0.0	0, Imagination_t_guitar_5###my_stream_name	94	3956956
3868.9931640625	0.0	0, Perception_t_flower_4###my_stream_name	113	3961849
3872.4697265625	0.0	0, Imagination_t_flower_4###my_stream_name	88	3965409
3877.22265625	0.0	0, Perception_t_guitar_2###my_stream_name	116	3970276
3880.701171875	0.0	0, Imagination_t_guitar_2###my_stream_name	91	3973838
3886.3095703125	0.0	0, Perceptiona_penguin_normal_16###my_stream_name	191	3979581
3889.212890625	0.0	0, Imagination_a_penguin_normal_16###my_stream_name	67	3982554
3894.201171875	0.0	0, Perceptiona_flower_normal_17###my_stream_name	141	3987662
3897.201171875	0.0	0, Imagination_a_flower_normal_17###my_stream_name	17	3990734
3902.185546875	0.0	0, Perceptiona_guitar_high_19###my_stream_name	153	3995838
3905.1845703125	0.0	0, Imagination_a_guitar_high_19###my_stream_name	29	3998909
3910.17578125	0.0	0, Perceptiona_penguin_normal_5###my_stream_name	196	4004020
3913.17578125	0.0	0, Imagination_a_penguin_normal_5###my_stream_name	72	4007092
3918.1552734375	0.0	0, Perceptiona_guitar_normal_18###my_stream_name	168	4012191
3921.1591796875	0.0	0, Imagination_a_guitar_normal_18###my_stream_name	44	4015267
3927.4453125	0.0	0, Perception_image_penguin_c###my_stream_name	107	4021704
3930.8916015625	0.0	0, Imagination_image_penguin_c###my_stream_name	82	4025233
3935.6650390625	0.0	0, Perception_image_flower_m###my_stream_name	102	4030121
3939.1416015625	0.0	0, Imagination_image_flower_m###my_stream_name	77	4033681
3943.8955078125	0.0	0, Perception_image_guitar_s###my_stream_name	106	4038549
3947.375	0.0	0, Imagination_image_guitar_s###my_stream_name	81	4042112
3952.1396484375	0.0	0, Perception_image_guitar_c###my_stream_name	104	4046991
3955.6328125	0.0	0, Imagination_image_guitar_c###my_stream_name	79	4050568
3960.369140625	0.0	0, Perception_image_penguin_m###my_stream_name	108	4055418
3963.8310546875	0.0	0, Imagination_image_penguin_m###my_stream_name	83	4058963
3969.650390625	0.0	0, Perception_t_guitar_1###my_stream_name	115	4064922
3973.1201171875	0.0	0, Imagination_t_guitar_1###my_stream_name	90	4068475
3977.875	0.0	0, Perception_t_guitar_2###my_stream_name	116	4073344
3981.3544921875	0.0	0, Imagination_t_guitar_2###my_stream_name	91	4076907
3986.1103515625	0.0	0, Perception_t_guitar_1###my_stream_name	115	4081777
3989.595703125	0.0	0, Imagination_t_guitar_1###my_stream_name	90	4085346
3994.34375	0.0	0, Perception_t_flower_3###my_stream_name	112	4090208
3997.828125	0.0	0, Imagination_t_flower_3###my_stream_name	87	4093776
4002.5771484375	0.0	0, Perception_t_guitar_3###my_stream_name	117	4098639
4006.0625	0.0	0, Imagination_t_guitar_3###my_stream_name	92	4102208
4011.873046875	0.0	0, Perception_image_penguin_s###my_stream_name	109	4108158
4015.333984375	0.0	0, Imagination_image_penguin_s###my_stream_name	84	4111702
4020.1025390625	0.0	0, Perception_image_penguin_m###my_stream_name	108	4116585
4023.5908203125	0.0	0, Imagination_image_penguin_m###my_stream_name	83	4120157
4028.3388671875	0.0	0, Perception_image_guitar_s###my_stream_name	106	4125019
4031.82421875	0.0	0, Imagination_image_guitar_s###my_stream_name	81	4128588
4036.580078125	0.0	0, Perception_image_penguin_m###my_stream_name	108	4133458
4040.0556640625	0.0	0, Imagination_image_penguin_m###my_stream_name	83	4137017
4044.8193359375	0.0	0, Perception_image_penguin_m###my_stream_name	108	4141895
4048.3173828125	0.0	0, Imagination_image_penguin_m###my_stream_name	83	4145477
4053.9501953125	0.0	0, Perceptiona_penguin_low_22###my_stream_name	184	4151245
4056.8544921875	0.0	0, Imagination_a_penguin_low_22###my_stream_name	60	4154219
4061.8408203125	0.0	0, Perceptiona_penguin_normal_10###my_stream_name	188	4159325
4064.8486328125	0.0	0, Imagination_a_penguin_normal_10###my_stream_name	64	4162405
4069.849609375	0.0	0, Perceptiona_penguin_normal_3###my_stream_name	194	4167526
4072.84375	0.0	0, Imagination_a_penguin_normal_3###my_stream_name	70	4170592
4077.8359375	0.0	0, Perceptiona_penguin_normal_25###my_stream_name	193	4175704
4080.828125	0.0	0, Imagination_a_penguin_normal_25###my_stream_name	69	4178768
4085.8173828125	0.0	0, Perceptiona_guitar_low_3###my_stream_name	160	4183877
4088.8173828125	0.0	0, Imagination_a_guitar_low_3###my_stream_name	36	4186949
4094.900390625	0.0	0, Perceptiona_penguin_normal_3###my_stream_name	194	4193178
4097.8193359375	0.0	0, Imagination_a_penguin_normal_3###my_stream_name	70	4196167
4102.8095703125	0.0	0, Perceptiona_guitar_normal_6###my_stream_name	173	4201277
4105.8095703125	0.0	0, Imagination_a_guitar_normal_6###my_stream_name	49	4204349
4110.7958984375	0.0	0, Perceptiona_guitar_low_6###my_stream_name	161	4209455
4113.791015625	0.0	0, Imagination_a_guitar_low_6###my_stream_name	37	4212522
4118.78515625	0.0	0, Perceptiona_flower_low_5###my_stream_name	136	4217636
4121.783203125	0.0	0, Imagination_a_flower_low_5###my_stream_name	12	4220706
4126.779296875	0.0	0, Perceptiona_flower_high_23###my_stream_name	128	4225822
4129.783203125	0.0	0, Imagination_a_flower_high_23###my_stream_name	4	4228898
4136.06640625	0.0	0, Perception_t_penguin_4###my_stream_name	123	4235332
4139.5126953125	0.0	0, Imagination_t_penguin_4###my_stream_name	98	4238861
4144.2685546875	0.0	0, Perception_t_flower_2###my_stream_name	111	4243731
4147.751953125	0.0	0, Imagination_t_flower_2###my_stream_name	86	4247298
4152.501953125	0.0	0, Perception_t_penguin_5###my_stream_name	124	4252162
4155.9833984375	0.0	0, Imagination_t_penguin_5###my_stream_name	99	4255727
4160.7529296875	0.0	0, Perception_t_flower_5###my_stream_name	114	4260611
4164.23828125	0.0	0, Imagination_t_flower_5###my_stream_name	89	4264180
4168.984375	0.0	0, Perception_t_guitar_2###my_stream_name	116	4269040
4172.4609375	0.0	0, Imagination_t_guitar_2###my_stream_name	91	4272600
4178.267578125	0.0	0, Perception_image_flower_c###my_stream_name	101	4278546
4181.7060546875	0.0	0, Imagination_image_flower_c###my_stream_name	76	4282067
4186.46875	0.0	0, Perception_image_guitar_c###my_stream_name	104	4286944
4189.9453125	0.0	0, Imagination_image_guitar_c###my_stream_name	79	4290504
4194.7119140625	0.0	0, Perception_image_guitar_m###my_stream_name	105	4295385
4198.2001953125	0.0	0, Imagination_image_guitar_m###my_stream_name	80	4298957
4202.9599609375	0.0	0, Perception_image_penguin_m###my_stream_name	108	4303831
4206.4482421875	0.0	0, Imagination_image_penguin_m###my_stream_name	83	4307403
4211.2041015625	0.0	0, Perception_image_flower_s###my_stream_name	103	4312273
4214.6865234375	0.0	0, Imagination_image_flower_s###my_stream_name	78	4315839
4242.76171875	0.0	0, start_baseline###my_stream_name	201	4344588
4254.73046875	0.0	0, end_baseline###my_stream_name	200	4356844
4256.048828125	0.0	0, Perception_image_penguin_s###my_stream_name	109	4358194
4259.5	0.0	0, Imagination_image_penguin_s###my_stream_name	84	4361728
4264.271484375	0.0	0, Perception_image_flower_s###my_stream_name	103	4366614
4267.740234375	0.0	0, Imagination_image_flower_s###my_stream_name	78	4370166
4272.494140625	0.0	0, Perception_image_guitar_s###my_stream_name	106	4375034
4275.9755859375	0.0	0, Imagination_image_guitar_s###my_stream_name	81	4378599
4280.734375	0.0	0, Perception_image_flower_c###my_stream_name	101	4383472
4284.208984375	0.0	0, Imagination_image_flower_c###my_stream_name	76	4387030
4288.9736328125	0.0	0, Perception_image_guitar_s###my_stream_name	106	4391909
4292.4638671875	0.0	0, Imagination_image_guitar_s###my_stream_name	81	4395483
4298.2744140625	0.0	0, Perception_t_penguin_2###my_stream_name	121	4401433
4301.7470703125	0.0	0, Imagination_t_penguin_2###my_stream_name	96	4404989
4306.5	0.0	0, Perception_t_flower_3###my_stream_name	112	4409856
4309.986328125	0.0	0, Imagination_t_flower_3###my_stream_name	87	4413426
4314.7333984375	0.0	0, Perception_t_flower_2###my_stream_name	111	4418287
4318.2275390625	0.0	0, Imagination_t_flower_2###my_stream_name	86	4421865
4322.9638671875	0.0	0, Perception_t_penguin_5###my_stream_name	124	4426715
4326.443359375	0.0	0, Imagination_t_penguin_5###my_stream_name	99	4430278
4331.185546875	0.0	0, Perception_t_guitar_3###my_stream_name	117	4435134
4334.6787109375	0.0	0, Imagination_t_guitar_3###my_stream_name	92	4438711
4340.298828125	0.0	0, Perceptiona_flower_normal_3###my_stream_name	147	4444466
4343.189453125	0.0	0, Imagination_a_flower_normal_3###my_stream_name	23	4447426
4348.1787109375	0.0	0, Perceptiona_guitar_normal_11###my_stream_name	164	4452535
4351.171875	0.0	0, Imagination_a_guitar_normal_11###my_stream_name	40	4455600
4356.1611328125	0.0	0, Perceptiona_flower_normal_24###my_stream_name	146	4460709
4359.16015625	0.0	0, Imagination_a_flower_normal_24###my_stream_name	22	4463780
4364.1484375	0.0	0, Perceptiona_guitar_low_10###my_stream_name	156	4468888
4367.1533203125	0.0	0, Imagination_a_guitar_low_10###my_stream_name	32	4471965
4372.1376953125	0.0	0, Perceptiona_penguin_low_10###my_stream_name	181	4477069
4375.134765625	0.0	0, Imagination_a_penguin_low_10###my_stream_name	57	4480138
4381.2236328125	0.0	0, Perceptiona_flower_normal_10###my_stream_name	137	4486373
4384.140625	0.0	0, Imagination_a_flower_normal_10###my_stream_name	13	4489360
4389.123046875	0.0	0, Perceptiona_flower_high_10###my_stream_name	125	4494462
4392.1298828125	0.0	0, Imagination_a_flower_high_10###my_stream_name	1	4497541
4397.1083984375	0.0	0, Perceptiona_penguin_high_10###my_stream_name	175	4502639
4400.109375	0.0	0, Imagination_a_penguin_high_10###my_stream_name	51	4505712
4405.0947265625	0.0	0, Perceptiona_flower_low_25###my_stream_name	135	4510817
4408.09375	0.0	0, Imagination_a_flower_low_25###my_stream_name	11	4513888
4413.08203125	0.0	0, Perceptiona_flower_low_23###my_stream_name	134	4518996
4416.0830078125	0.0	0, Imagination_a_flower_low_23###my_stream_name	10	4522069
4422.3720703125	0.0	0, Perception_image_flower_s###my_stream_name	103	4528509
4425.80859375	0.0	0, Imagination_image_flower_s###my_stream_name	78	4532028
4430.5947265625	0.0	0, Perception_image_flower_c###my_stream_name	101	4536929
4434.0673828125	0.0	0, Imagination_image_flower_c###my_stream_name	76	4540485
4438.826171875	0.0	0, Perception_image_flower_s###my_stream_name	103	4545358
4442.314453125	0.0	0, Imagination_image_flower_s###my_stream_name	78	4548930
4447.0927734375	0.0	0, Perception_image_penguin_c###my_stream_name	107	4553823
4450.5693359375	0.0	0, Imagination_image_penguin_c###my_stream_name	82	4557383
4455.3203125	0.0	0, Perception_image_flower_m###my_stream_name	102	4562248
4458.810546875	0.0	0, Imagination_image_flower_m###my_stream_name	77	4565822
4464.62109375	0.0	0, Perception_t_penguin_3###my_stream_name	122	4571772
4468.09375	0.0	0, Imagination_t_penguin_3###my_stream_name	97	4575328
4472.8349609375	0.0	0, Perception_t_penguin_2###my_stream_name	121	4580183
4476.31640625	0.0	0, Imagination_t_penguin_2###my_stream_name	96	4583748
4481.0693359375	0.0	0, Perception_t_penguin_4###my_stream_name	123	4588615
4484.5478515625	0.0	0, Imagination_t_penguin_4###my_stream_name	98	4592177
4489.298828125	0.0	0, Perception_t_guitar_4###my_stream_name	118	4597042
4492.787109375	0.0	0, Imagination_t_guitar_4###my_stream_name	93	4600614
4497.53515625	0.0	0, Perception_t_penguin_3###my_stream_name	122	4605476
4501.0185546875	0.0	0, Imagination_t_penguin_3###my_stream_name	97	4609043
4506.625	0.0	0, Perceptiona_penguin_normal_5###my_stream_name	196	4614784
4509.5517578125	0.0	0, Imagination_a_penguin_normal_5###my_stream_name	72	4617781
4514.5595703125	0.0	0, Perceptiona_flower_high_4###my_stream_name	129	4622909
4517.5361328125	0.0	0, Imagination_a_flower_high_4###my_stream_name	5	4625957
4522.5205078125	0.0	0, Perceptiona_guitar_low_19###my_stream_name	158	4631061
4525.51953125	0.0	0, Imagination_a_guitar_low_19###my_stream_name	34	4634132
4530.5107421875	0.0	0, Perceptiona_flower_high_4###my_stream_name	129	4639243
4533.509765625	0.0	0, Imagination_a_flower_high_4###my_stream_name	5	4642314
4538.4912109375	0.0	0, Perceptiona_guitar_normal_22###my_stream_name	170	4647415
4541.4990234375	0.0	0, Imagination_a_guitar_normal_22###my_stream_name	46	4650495
4547.7685546875	0.0	0, Perception_t_flower_3###my_stream_name	112	4656915
4551.224609375	0.0	0, Imagination_t_flower_3###my_stream_name	87	4660454
4555.9755859375	0.0	0, Perception_t_penguin_4###my_stream_name	123	4665319
4559.4560546875	0.0	0, Imagination_t_penguin_4###my_stream_name	98	4668883
4564.205078125	0.0	0, Perception_t_guitar_2###my_stream_name	116	4673746
4567.6953125	0.0	0, Imagination_t_guitar_2###my_stream_name	91	4677320
4572.4462890625	0.0	0, Perception_t_flower_1###my_stream_name	110	4682185
4575.9345703125	0.0	0, Imagination_t_flower_1###my_stream_name	85	4685757
4580.701171875	0.0	0, Perception_t_penguin_4###my_stream_name	123	4690638
4584.1865234375	0.0	0, Imagination_t_penguin_4###my_stream_name	98	4694207
4590.00390625	0.0	0, Perception_image_flower_s###my_stream_name	103	4700164
4593.451171875	0.0	0, Imagination_image_flower_s###my_stream_name	78	4703694
4598.21875	0.0	0, Perception_image_guitar_s###my_stream_name	106	4708576
4601.6923828125	0.0	0, Imagination_image_guitar_s###my_stream_name	81	4712133
4606.4443359375	0.0	0, Perception_image_penguin_m###my_stream_name	108	4716999
4609.92578125	0.0	0, Imagination_image_penguin_m###my_stream_name	83	4720564
4614.69140625	0.0	0, Perception_image_guitar_m###my_stream_name	105	4725444
4618.1826171875	0.0	0, Imagination_image_guitar_m###my_stream_name	80	4729019
4622.931640625	0.0	0, Perception_image_flower_s###my_stream_name	103	4733882
4626.4111328125	0.0	0, Imagination_image_flower_s###my_stream_name	78	4737445
4669.6650390625	0.0	0, start_baseline###my_stream_name	201	4781737
4681.6357421875	0.0	0, end_baseline###my_stream_name	200	4793995
4682.962890625	0.0	0, Perception_image_guitar_c###my_stream_name	104	4795354
4686.400390625	0.0	0, Imagination_image_guitar_c###my_stream_name	79	4798874
4691.162109375	0.0	0, Perception_image_guitar_c###my_stream_name	104	4803750
4694.6396484375	0.0	0, Imagination_image_guitar_c###my_stream_name	79	4807311
4699.3994140625	0.0	0, Perception_image_penguin_m###my_stream_name	108	4812185
4702.87890625	0.0	0, Imagination_image_penguin_m###my_stream_name	83	4815748
4707.64453125	0.0	0, Perception_image_flower_m###my_stream_name	102	4820628
4711.1279296875	0.0	0, Imagination_image_flower_m###my_stream_name	77	4824195
4715.892578125	0.0	0, Perception_image_guitar_m###my_stream_name	105	4829074
4719.3837890625	0.0	0, Imagination_image_guitar_m###my_stream_name	80	4832649
4725.224609375	0.0	0, Perception_t_flower_5###my_stream_name	114	4838630
4728.68359375	0.0	0, Imagination_t_flower_5###my_stream_name	89	4842172
4733.4384765625	0.0	0, Perception_t_penguin_1###my_stream_name	120	4847041
4736.921875	0.0	0, Imagination_t_penguin_1###my_stream_name	95	4850608
4741.677734375	0.0	0, Perception_t_flower_4###my_stream_name	113	4855478
4745.1611328125	0.0	0, Imagination_t_flower_4###my_stream_name	88	4859045
4749.912109375	0.0	0, Perception_t_guitar_2###my_stream_name	116	4863910
4753.3916015625	0.0	0, Imagination_t_guitar_2###my_stream_name	91	4867473
4758.134765625	0.0	0, Perception_t_flower_1###my_stream_name	110	4872330
4761.6142578125	0.0	0, Imagination_t_flower_1###my_stream_name	85	4875893
4767.216796875	0.0	0, Perceptiona_guitar_high_14###my_stream_name	151	4881630
4770.125	0.0	0, Imagination_a_guitar_high_14###my_stream_name	27	4884608
4775.123046875	0.0	0, Perceptiona_flower_normal_16###my_stream_name	140	4889726
4778.1240234375	0.0	0, Imagination_a_flower_normal_16###my_stream_name	16	4892799
4783.1162109375	0.0	0, Perceptiona_penguin_normal_1 ###my_stream_name	187	4897911
4786.115234375	0.0	0, Imagination_a_penguin_normal_1 ###my_stream_name	63	4900982
4791.1103515625	0.0	0, Perceptionaudio_a_guitar_normal_10###my_stream_name	199	4906097
4794.1181640625	0.0	0, Imagination_audio_a_guitar_normal_10###my_stream_name	75	4909177
4799.1044921875	0.0	0, Perceptiona_guitar_normal_9###my_stream_name	174	4914283
4802.0986328125	0.0	0, Imagination_a_guitar_normal_9###my_stream_name	50	4917349
4808.3955078125	0.0	0, Perception_image_guitar_c###my_stream_name	104	4923797
4811.8447265625	0.0	0, Imagination_image_guitar_c###my_stream_name	79	4927329
4816.6064453125	0.0	0, Perception_image_flower_m###my_stream_name	102	4932205
4820.0849609375	0.0	0, Imagination_image_flower_m###my_stream_name	77	4935767
4824.8447265625	0.0	0, Perception_image_flower_m###my_stream_name	102	4940641
4828.3388671875	0.0	0, Imagination_image_flower_m###my_stream_name	77	4944219
4833.09765625	0.0	0, Perception_image_penguin_s###my_stream_name	109	4949092
4836.5869140625	0.0	0, Imagination_image_penguin_s###my_stream_name	84	4952665
4841.3720703125	0.0	0, Perception_image_flower_c###my_stream_name	101	4957565
4844.84375	0.0	0, Imagination_image_flower_c###my_stream_name	76	4961120
4850.4765625	0.0	0, Perceptiona_flower_low_5###my_stream_name	136	4966888
4853.3828125	0.0	0, Imagination_a_flower_low_5###my_stream_name	12	4969864
4858.3818359375	0.0	0, Perceptiona_flower_normal_6###my_stream_name	149	4974983
4861.390625	0.0	0, Imagination_a_flower_normal_6###my_stream_name	25	4978064
4866.3720703125	0.0	0, Perceptiona_guitar_normal_1###my_stream_name	162	4983165
4869.3740234375	0.0	0, Imagination_a_guitar_normal_1###my_stream_name	38	4986239
4874.376953125	0.0	0, Perceptiona_penguin_normal_9###my_stream_name	198	4991362
4877.376953125	0.0	0, Imagination_a_penguin_normal_9###my_stream_name	74	4994434
4882.3662109375	0.0	0, Perceptiona_flower_normal_6###my_stream_name	149	4999543
4885.359375	0.0	0, Imagination_a_flower_normal_6###my_stream_name	25	5002608
4891.6318359375	0.0	0, Perception_t_guitar_2###my_stream_name	116	5009031
4895.0947265625	0.0	0, Imagination_t_guitar_2###my_stream_name	91	5012577
4899.837890625	0.0	0, Perception_t_penguin_2###my_stream_name	121	5017434
4903.326171875	0.0	0, Imagination_t_penguin_2###my_stream_name	96	5021006
4908.083984375	0.0	0, Perception_t_penguin_2###my_stream_name	121	5025878
4911.56640625	0.0	0, Imagination_t_penguin_2###my_stream_name	96	5029444
4916.3125	0.0	0, Perception_t_penguin_5###my_stream_name	124	5034304
4919.8056640625	0.0	0, Imagination_t_penguin_5###my_stream_name	99	5037881
4924.5537109375	0.0	0, Perception_t_flower_5###my_stream_name	114	5042743
4928.0361328125	0.0	0, Imagination_t_flower_5###my_stream_name	89	5046309
4933.646484375	0.0	0, Perceptiona_penguin_normal_11###my_stream_name	189	5052054
4936.564453125	0.0	0, Imagination_a_penguin_normal_11###my_stream_name	65	5055042
4941.548828125	0.0	0, Perceptiona_flower_normal_21###my_stream_name	143	5060146
4944.55078125	0.0	0, Imagination_a_flower_normal_21###my_stream_name	19	5063220
4949.5390625	0.0	0, Perceptiona_flower_low_13###my_stream_name	132	5068328
4952.53515625	0.0	0, Imagination_a_flower_low_13###my_stream_name	8	5071396
4957.5224609375	0.0	0, Perceptiona_guitar_normal_9###my_stream_name	174	5076503
4960.5263671875	0.0	0, Imagination_a_guitar_normal_9###my_stream_name	50	5079579
4965.505859375	0.0	0, Perceptiona_penguin_normal_5###my_stream_name	196	5084678
4968.5107421875	0.0	0, Imagination_a_penguin_normal_5###my_stream_name	72	5087755
4974.796875	0.0	0, Perception_image_penguin_s###my_stream_name	109	5094192
4978.255859375	0.0	0, Imagination_image_penguin_s###my_stream_name	84	5097734
4983.033203125	0.0	0, Perception_image_penguin_c###my_stream_name	107	5102626
4986.5048828125	0.0	0, Imagination_image_penguin_c###my_stream_name	82	5106181
4991.2685546875	0.0	0, Perception_image_flower_s###my_stream_name	103	5111059
4994.7626953125	0.0	0, Imagination_image_flower_s###my_stream_name	78	5114637
4999.5322265625	0.0	0, Perception_image_guitar_c###my_stream_name	104	5119521
5003.01171875	0.0	0, Imagination_image_guitar_c###my_stream_name	79	5123084
5007.78125	0.0	0, Perception_image_flower_c###my_stream_name	101	5127968
5011.2529296875	0.0	0, Imagination_image_flower_c###my_stream_name	76	5131523
5017.0888671875	0.0	0, Perception_t_penguin_3###my_stream_name	122	5137499
5020.5498046875	0.0	0, Imagination_t_penguin_3###my_stream_name	97	5141043
5025.294921875	0.0	0, Perception_t_penguin_5###my_stream_name	124	5145902
5028.7763671875	0.0	0, Imagination_t_penguin_5###my_stream_name	99	5149467
5033.509765625	0.0	0, Perception_t_flower_5###my_stream_name	114	5154314
5036.9921875	0.0	0, Imagination_t_flower_5###my_stream_name	89	5157880
5041.7451171875	0.0	0, Perception_t_guitar_2###my_stream_name	116	5162747
5045.2158203125	0.0	0, Imagination_t_guitar_2###my_stream_name	91	5166301
5049.9560546875	0.0	0, Perception_t_guitar_5###my_stream_name	119	5171155
5053.44921875	0.0	0, Imagination_t_guitar_5###my_stream_name	94	5174732
5077.6396484375	0.0	0, Impedance	100	5199503
